date,open,high,close,low,volume,price_change,p_change,ma5,ma10,ma20,v_ma5,v_ma10,v_ma20,turnover
2022-03-30,13.58,13.65,13.45,13.0,33120.7,0.01,0.07,13.592,13.755,13.909,28989.18,31991.41,36801.31,0.76
2022-03-29,14.0,14.0,13.44,13.37,27364.0,-0.32,-2.33,13.662,13.792,13.964,25922.4,32423.44,36455.38,0.63
2022-03-28,13.58,13.99,13.76,13.21,44356.19,0.1,0.73,13.73,13.809,14.025,25937.65,33972.01,37155.49,1.02
2022-03-25,13.6,13.74,13.66,13.43,19457.0,0.01,0.07,13.784,13.789,14.052,24588.81,32050.21,36439.8,0.45
2022-03-24,13.86,13.88,13.65,13.6,20648.0,-0.15,-1.09,13.844,13.824,14.08,28026.87,32486.76,37601.77,0.47
2022-03-23,13.86,13.89,13.8,13.7,17786.81,0.02,0.14,13.918,13.859,14.103,34993.64,32916.16,40175.75,0.41
2022-03-22,13.99,14.03,13.78,13.68,27440.24,-0.25,-1.78,13.922,13.869,14.153,38924.47,35371.58,41321.32,0.63
2022-03-21,14.02,14.35,14.03,13.88,37612.0,0.07,0.5,13.888,13.877,14.194,42006.38,36409.3,42618.09,0.86
2022-03-18,13.92,14.05,13.96,13.75,36647.29,-0.06,-0.43,13.794,13.883,14.243,39511.61,36965.47,43069.73,0.84
2022-03-17,13.8,14.38,14.02,13.8,55481.88,0.2,1.45,13.804,13.952,14.301,36946.66,39043.35,43950.49,1.27
2022-03-16,13.8,13.87,13.82,13.28,37440.96,0.21,1.54,13.8,14.062,14.36,30838.68,41611.21,46095.18,0.86
2022-03-15,13.56,13.96,13.61,13.28,42849.75,0.05,0.37,13.816,14.136,14.455,31818.69,40487.31,47408.97,0.98
2022-03-14,13.9,13.9,13.56,13.52,25138.18,-0.45,-3.21,13.866,14.241,14.561,30812.22,40338.98,50459.38,0.58
2022-03-11,13.8,14.02,14.01,13.54,23822.51,0.01,0.07,13.972,14.314,14.64,34419.32,40829.39,51955.68,0.55
2022-03-10,14.32,14.32,14.0,13.96,24942.0,0.1,0.72,14.1,14.336,14.689,41140.05,42716.79,55040.06,0.57
2022-03-09,13.8,13.98,13.9,13.2,42341.0,0.04,0.29,14.324,14.346,14.764,52383.74,47435.33,58624.66,0.97
2022-03-08,14.08,14.2,13.86,13.54,37817.41,-0.23,-1.63,14.456,14.436,14.836,49155.94,47271.05,59524.87,0.87
2022-03-07,14.58,14.64,14.09,14.03,43173.67,-0.56,-3.82,14.616,14.511,14.916,49865.73,48826.88,60981.78,0.99
2022-03-04,15.11,15.33,14.65,14.45,57426.15,-0.47,-3.11,14.656,14.602,14.976,47239.47,49174.0,62731.89,1.31
2022-03-03,14.56,15.29,15.12,14.56,81160.45,0.56,3.85,14.572,14.649,14.984,44293.53,48857.64,64165.31,1.86
2022-03-02,14.5,14.67,14.56,14.44,26202.02,-0.1,-0.68,14.368,14.657,14.936,42486.93,50579.15,64080.32,0.6
2022-03-01,14.35,14.71,14.66,14.29,41366.36,0.37,2.59,14.416,14.773,14.958,45386.16,54330.62,66034.07,0.95
2022-02-28,14.23,14.3,14.29,13.82,30042.36,0.06,0.42,14.406,14.88,14.974,47788.03,60579.79,68759.96,0.69
2022-02-25,14.23,14.61,14.23,14.12,42696.44,0.13,0.92,14.548,14.965,15.042,51108.53,63081.97,73640.68,0.98
2022-02-24,14.65,14.8,14.1,13.72,72127.46,-0.7,-4.73,14.726,15.042,15.073,53421.75,67363.32,74565.56,1.65
2022-02-23,14.67,14.96,14.8,14.51,40698.19,0.19,1.3,14.946,15.182,15.104,58671.36,69814.0,75026.87,0.93
2022-02-22,14.99,14.99,14.61,14.38,53375.72,-0.39,-2.6,15.13,15.235,15.116,63275.08,71778.68,76626.2,1.22
2022-02-21,15.15,15.21,15.0,14.85,46644.82,-0.12,-0.79,15.354,15.32,15.133,73371.55,73136.69,79789.01,1.07
2022-02-18,14.91,15.34,15.12,14.88,54262.56,-0.08,-0.53,15.382,15.35,15.157,75055.41,76289.78,86331.55,1.24
2022-02-17,15.73,16.17,15.2,15.09,98375.52,-0.52,-3.31,15.358,15.318,15.133,81304.9,79472.99,88815.26,2.25
2022-02-16,15.88,15.89,15.72,15.54,63716.79,-0.01,-0.06,15.418,15.215,15.104,80956.63,77581.5,91861.19,1.46
2022-02-15,15.1,15.83,15.73,14.9,103858.08,0.59,3.9,15.34,15.143,15.056,80282.28,77737.53,98579.44,2.38
2022-02-14,14.88,15.22,15.14,14.53,55064.08,0.14,0.93,15.286,15.067,14.941,72901.82,76940.13,95667.85,1.26
2022-02-11,15.38,15.59,15.0,14.83,85510.02,-0.5,-3.23,15.318,15.119,14.855,77524.16,84199.4,96830.26,1.96
2022-02-10,15.28,15.92,15.5,15.25,96634.19,0.17,1.11,15.278,15.104,14.751,77641.08,81767.79,96723.43,2.21
2022-02-09,15.4,15.52,15.33,15.12,60345.01,-0.13,-0.84,15.012,15.025,14.66,74206.36,80239.74,94480.09,1.38
2022-02-08,15.3,15.5,15.46,14.93,66955.78,0.16,1.05,14.946,14.997,14.575,75192.78,81473.71,94512.03,1.53
2022-02-07,15.15,15.45,15.3,14.78,78175.81,0.5,3.38,14.848,14.946,14.483,80978.44,86441.33,94288.25,1.79
2022-01-28,14.28,15.18,14.8,14.28,86094.61,0.63,4.45,14.92,14.964,14.388,90874.64,96373.31,92382.22,1.97
2022-01-27,14.97,14.98,14.17,14.11,79460.58,-0.83,-5.53,14.93,14.947,14.318,85894.5,98157.53,90263.05,1.82
2022-01-26,14.8,15.2,15.0,14.56,65277.1,0.03,0.2,15.038,14.992,14.27,86273.12,106140.89,88224.93,1.49
2022-01-25,15.58,15.58,14.97,14.95,95884.1,-0.69,-4.41,15.048,14.969,14.187,87754.65,119421.35,86879.29,2.2
2022-01-24,14.88,15.96,15.66,14.88,127656.79,0.81,5.46,15.044,14.815,14.103,91904.23,114395.57,85941.54,2.92
2022-01-21,14.71,14.96,14.85,14.51,61193.93,0.14,0.95,15.008,14.591,13.984,101871.98,109461.12,84158.05,1.4
2022-01-20,15.08,15.17,14.71,14.55,81353.67,-0.34,-2.26,14.964,14.397,13.929,110420.56,111679.07,85913.33,1.86
2022-01-19,14.96,15.35,15.05,14.81,72684.74,0.1,0.67,14.946,14.295,13.906,126008.67,108720.45,87218.93,1.66
2022-01-18,15.21,15.74,14.95,14.93,116632.0,-0.53,-3.42,14.89,14.152,13.851,151088.06,107550.35,86544.03,2.67
2022-01-17,14.63,15.76,15.48,14.63,177495.55,0.85,5.81,14.586,14.02,13.798,136886.91,102135.17,84520.49,4.06
2022-01-14,14.6,14.86,14.63,14.28,103936.86,0.01,0.07,14.174,13.811,13.717,117050.26,88391.13,81620.5,2.38
2022-01-13,15.01,15.11,14.62,14.41,159294.2,-0.15,-1.02,13.83,13.688,13.695,112937.58,82368.56,84435.47,3.65
2022-01-12,13.33,14.77,14.77,13.3,198081.69,1.34,9.98,13.644,13.548,13.65,91432.22,70308.98,90307.37,4.53
2022-01-11,13.58,13.63,13.43,13.25,45626.23,0.01,0.07,13.414,13.404,13.61,64012.63,54337.23,91689.01,1.04
2022-01-10,13.0,13.71,13.42,12.98,78312.3,0.51,3.95,13.454,13.39,13.574,67383.42,57487.51,91186.81,1.79
2022-01-07,13.69,13.74,12.91,12.86,83373.5,-0.78,-5.7,13.448,13.376,13.526,59731.99,58854.99,88378.76,1.91
2022-01-06,13.45,13.87,13.69,13.43,51767.38,0.07,0.51,13.546,13.46,13.499,51799.54,60147.6,86390.64,1.19
2022-01-05,13.64,13.74,13.62,13.22,60983.76,-0.01,-0.07,13.452,13.517,13.432,49185.73,65717.41,85110.62,1.4
2022-01-04,13.4,13.76,13.63,13.19,62480.18,0.24,1.79,13.394,13.55,13.364,44661.82,65537.72,83822.93,1.43
2021-12-31,13.33,13.52,13.39,13.3,40055.15,-0.01,-0.07,13.326,13.575,13.313,47591.59,66905.82,81838.73,0.92
2021-12-30,13.19,13.51,13.4,13.09,43711.23,0.18,1.36,13.304,13.623,13.284,57977.98,74849.88,80862.47,1.0
2021-12-29,13.3,13.44,13.22,13.0,38698.33,-0.11,-0.82,13.374,13.702,13.254,68495.65,86502.38,80401.26,0.89
2021-12-28,13.34,13.54,13.33,13.23,38364.22,0.04,0.3,13.582,13.752,13.238,82249.1,110305.77,80188.52,0.88
2021-12-27,13.14,13.39,13.29,12.92,77129.01,0.01,0.07,13.706,13.816,13.214,86413.61,129040.79,80297.21,1.77
2021-12-24,13.75,13.89,13.28,13.18,91987.1,-0.47,-3.42,13.824,13.757,13.191,86220.06,124886.11,78736.31,2.11
2021-12-23,14.25,14.25,13.75,13.7,96299.59,-0.51,-3.58,13.942,13.675,13.165,91721.78,117902.53,76088.87,2.2
2021-12-22,13.85,14.66,14.26,13.85,107465.57,0.31,2.22,14.03,13.538,13.117,104509.11,112633.68,73497.67,2.46
2021-12-21,13.88,14.09,13.95,13.66,59186.78,0.07,0.5,13.922,13.347,13.047,138362.45,104503.83,71720.4,1.36
2021-12-20,13.9,14.12,13.88,13.7,76161.24,0.01,0.07,13.926,13.177,12.998,171667.98,102108.15,73555.35,1.74
2021-12-17,14.27,14.42,13.87,13.73,119495.72,-0.32,-2.25,13.69,13.051,12.926,163552.16,96771.63,71564.98,2.74
2021-12-16,13.72,14.28,14.19,13.49,160236.23,0.47,3.43,13.408,12.945,12.848,144083.29,86875.06,67336.2,3.67
2021-12-15,14.26,14.5,13.72,13.67,276732.28,-0.25,-1.79,13.046,12.805,12.739,120758.24,74300.15,60659.54,6.34
2021-12-14,12.91,13.97,13.97,12.91,225714.41,1.27,10.0,12.772,12.723,12.649,70645.21,50071.27,48019.31,5.17
2021-12-13,12.48,12.86,12.7,12.42,35582.16,0.24,1.93,12.428,12.612,12.534,32548.33,31553.63,38592.55,0.81
2021-12-10,12.37,12.48,12.46,12.29,22151.36,0.08,0.65,12.412,12.625,12.489,29991.1,32586.52,38504.9,0.51
2021-12-09,12.39,12.57,12.38,12.28,43611.0,0.03,0.24,12.482,12.654,12.451,29666.83,34275.21,38998.48,1.0
2021-12-08,12.35,12.4,12.35,12.25,26167.12,0.1,0.82,12.564,12.695,12.407,27842.05,34361.67,37609.19,0.6
2021-12-07,12.69,12.73,12.25,12.14,35230.01,-0.37,-2.93,12.674,12.746,12.365,29497.33,38936.97,37699.84,0.81
2021-12-06,12.81,12.81,12.62,12.56,22796.0,-0.19,-1.48,12.796,12.818,12.324,30558.92,45002.55,37639.04,0.52
2021-12-03,12.7,12.88,12.81,12.7,20530.0,0.02,0.16,12.838,12.801,12.259,35181.93,46358.33,37400.74,0.47
2021-12-02,12.95,12.96,12.79,12.61,34487.13,-0.11,-0.85,12.826,12.75,12.184,38883.59,47797.35,37948.93,0.79
2021-12-01,12.86,12.98,12.9,12.75,34443.52,0.04,0.31,12.826,12.672,12.101,40881.29,47018.94,37219.45,0.79
2021-11-30,12.9,13.0,12.86,12.7,40537.96,0.03,0.23,12.818,12.574,12.009,48376.62,45967.35,36169.38,0.93
2021-11-29,12.69,12.93,12.83,12.48,45911.05,0.08,0.63,12.84,12.456,11.917,59446.17,45631.48,35367.39,1.05
2021-11-26,12.73,12.82,12.75,12.58,39038.28,-0.04,-0.31,12.764,12.353,11.836,57534.73,44423.28,34189.48,0.89
2021-11-25,12.87,13.03,12.79,12.67,44475.63,-0.07,-0.54,12.674,12.247,11.756,56711.11,43721.75,33154.93,1.02
2021-11-24,12.99,13.22,12.86,12.75,71920.16,-0.11,-0.85,12.518,12.119,11.668,53156.59,40856.71,32224.13,1.65
2021-11-23,12.36,13.07,12.97,12.36,95885.72,0.52,4.18,12.33,11.983,11.589,43558.08,36462.71,31467.39,2.2
2021-11-22,12.13,12.48,12.45,12.13,36353.84,0.15,1.22,12.072,11.829,11.504,31816.79,30275.53,28849.25,0.83
2021-11-19,12.07,12.32,12.3,11.93,34920.18,0.29,2.42,11.942,11.717,11.444,31311.83,28443.16,31544.6,0.8
2021-11-18,11.86,12.05,12.01,11.86,26703.05,0.09,0.76,11.82,11.617,11.418,30732.4,28100.51,36501.48,0.61
2021-11-17,11.66,11.92,11.92,11.63,23927.61,0.24,2.06,11.72,11.53,11.464,28556.82,27419.97,36888.46,0.55
2021-11-16,11.76,12.03,11.68,11.64,37179.29,-0.12,-1.02,11.636,11.443,11.51,29367.33,26371.42,37943.63,0.85
2021-11-15,11.75,11.98,11.8,11.64,33829.0,0.11,0.94,11.586,11.377,11.573,28734.26,25103.29,39374.28,0.77
2021-11-12,11.49,11.74,11.69,11.38,32023.06,0.18,1.56,11.492,11.319,11.637,25574.49,23955.69,44365.44,0.73
2021-11-11,11.44,11.59,11.51,11.43,15825.15,0.01,0.09,11.414,11.265,11.657,25468.62,22588.11,44365.04,0.36
2021-11-10,11.35,11.51,11.5,11.34,27980.17,0.07,0.61,11.34,11.217,11.68,26283.11,23591.56,44499.33,0.64
2021-11-09,11.31,11.58,11.43,11.25,34013.92,0.1,0.88,11.25,11.195,11.704,23375.5,26472.08,44665.38,0.78
2021-11-08,11.29,11.41,11.33,11.17,18030.15,0.03,0.27,11.168,11.179,11.726,21472.32,27422.98,44449.68,0.41
2021-11-05,11.15,11.43,11.3,11.12,31493.72,0.16,1.44,11.146,11.171,11.773,22336.89,34646.04,46160.77,0.72
2021-11-04,11.06,11.18,11.14,10.98,19897.6,0.09,0.81,11.116,11.219,11.81,19707.6,44902.45,46462.93,0.46
2021-11-03,11.03,11.1,11.05,10.96,13442.11,0.03,0.27,11.094,11.397,11.835,20900.01,46356.96,46503.91,0.31
2021-11-02,11.19,11.3,11.02,10.88,24498.01,-0.2,-1.78,11.14,11.577,11.86,29568.66,49515.84,47180.5,0.56
2021-11-01,11.19,11.35,11.22,11.01,22353.02,0.07,0.63,11.19,11.769,11.907,33373.63,53645.27,47659.94,0.51
2021-10-29,11.05,11.17,11.15,11.0,18347.26,0.12,1.09,11.196,11.955,11.932,46955.18,64775.18,49835.19,0.42
2021-10-28,11.18,11.2,11.03,10.99,25859.66,-0.25,-2.22,11.322,12.049,12.011,70097.3,66141.96,50915.54,0.59
2021-10-27,11.27,11.34,11.28,10.83,56785.33,0.01,0.09,11.7,12.142,12.107,71813.91,65407.1,51508.36,1.3
2021-10-26,11.15,11.38,11.27,11.03,43522.89,0.02,0.18,12.014,12.212,12.178,69463.02,62858.68,50010.1,1.0
2021-10-25,11.55,11.55,11.25,10.97,90260.76,-0.53,-4.5,12.348,12.272,12.255,73916.91,61476.38,49939.08,2.07
2021-10-22,12.48,12.66,11.78,11.63,134057.86,-1.14,-8.82,12.714,12.374,12.323,82595.18,57675.51,48036.88,3.07
2021-10-21,12.85,13.05,12.92,12.76,34442.72,0.07,0.55,12.776,12.4,12.375,62186.62,48023.41,43956.25,0.79
2021-10-20,12.91,13.23,12.85,12.77,45030.85,-0.09,-0.7,12.584,12.273,12.369,59000.28,46650.86,44205.06,1.03
2021-10-19,12.99,13.13,12.94,12.75,65792.34,-0.14,-1.07,12.41,12.143,12.367,56254.34,44845.17,43932.31,1.51
2021-10-18,12.12,13.3,13.08,12.01,133652.12,0.99,8.19,12.196,12.045,12.363,49035.85,41674.62,43048.24,3.06
2021-10-15,11.9,12.29,12.09,11.9,32015.08,0.13,1.09,12.034,11.908,12.358,32755.84,34895.21,38945.34,0.73
2021-10-14,11.92,12.1,11.96,11.81,18511.0,-0.02,-0.17,12.024,11.972,12.404,33860.2,35689.12,40806.63,0.42
2021-10-13,12.0,12.0,11.98,11.57,31301.15,0.11,0.93,11.962,12.072,12.45,34301.43,37609.63,44711.32,0.72
2021-10-12,12.11,12.24,11.87,11.73,29699.91,-0.4,-3.26,11.876,12.144,12.466,33436.0,37161.52,45564.77,0.68
2021-10-11,12.05,12.32,12.27,11.96,52252.04,0.23,1.91,11.894,12.238,12.488,34313.39,38401.79,46697.08,1.2
2021-10-08,11.8,12.25,12.04,11.8,37536.88,0.39,3.35,11.782,12.271,12.473,37034.58,38398.24,46167.2,0.86
2021-09-30,11.6,11.76,11.65,11.58,20717.18,0.1,0.87,11.92,12.35,12.471,37518.04,39889.1,47648.5,0.47
2021-09-29,11.89,12.05,11.55,11.55,26974.01,-0.41,-3.43,12.182,12.465,12.474,40917.83,41759.26,48249.0,0.62
2021-09-28,11.87,12.1,11.96,11.58,34086.83,0.25,2.13,12.412,12.59,12.48,40887.03,43019.45,49307.68,0.78
2021-09-27,12.73,12.84,11.71,11.51,65858.0,-1.02,-8.01,12.582,12.68,12.449,42490.19,44421.87,49411.36,1.51
2021-09-24,12.99,13.13,12.73,12.73,39954.18,-0.23,-1.77,12.76,12.807,12.437,39761.91,42995.48,48412.8,0.91
2021-09-23,12.71,13.03,12.96,12.7,37716.14,0.26,2.05,12.78,12.836,12.396,42260.15,45924.15,48034.7,0.86
2021-09-22,12.77,12.8,12.7,12.6,26820.0,-0.11,-0.86,12.748,12.827,12.34,42600.69,51813.0,48322.27,0.61
2021-09-17,12.61,12.93,12.81,12.5,42102.61,0.21,1.67,12.768,12.788,12.306,45151.87,53968.01,50701.68,0.96
2021-09-16,12.8,13.12,12.6,12.59,52216.61,-0.23,-1.79,12.778,12.737,12.241,46353.55,54992.37,52104.71,1.2
2021-09-15,12.7,13.15,12.83,12.64,52445.4,0.03,0.23,12.854,12.674,12.208,46229.05,53936.15,53659.65,1.2
2021-09-14,12.72,12.95,12.8,12.65,39418.81,0.0,0.0,12.892,12.592,12.194,49588.14,55407.9,55002.98,0.9
2021-09-13,12.85,13.0,12.8,12.62,39575.9,-0.06,-0.47,12.906,12.483,12.146,61025.31,54738.73,55818.71,0.91
2021-09-10,12.88,13.0,12.86,12.63,48111.04,-0.12,-0.92,12.808,12.369,12.124,62784.16,55595.9,57425.79,1.1
2021-09-09,12.97,13.07,12.98,12.76,51594.09,-0.04,-0.31,12.696,12.218,12.081,63631.18,54400.84,57063.48,1.18
2021-09-08,12.88,13.06,13.02,12.78,69240.87,0.15,1.17,12.494,12.066,12.027,61643.26,53830.13,56303.77,1.59
2021-09-07,12.28,13.06,12.87,12.28,96604.66,0.56,4.55,12.292,11.955,11.978,61227.66,50145.25,55217.02,2.21
2021-09-06,12.25,12.52,12.31,12.19,48370.14,0.01,0.08,12.06,11.852,11.924,48452.15,44831.54,52143.89,1.11
2021-09-03,11.99,12.33,12.3,11.99,52346.14,0.33,2.76,11.93,11.823,11.904,48407.65,47435.35,51236.11,1.2
2021-09-02,11.96,12.11,11.97,11.92,41654.47,-0.04,-0.33,11.74,11.744,11.88,45170.5,49217.06,50692.66,0.95
2021-09-01,11.71,12.05,12.01,11.59,67162.89,0.3,2.56,11.638,11.742,11.884,46017.0,53383.15,51023.51,1.54
2021-08-31,11.62,11.85,11.71,11.52,32727.13,0.05,0.43,11.618,11.796,11.889,39062.85,54598.06,50826.66,0.75
2021-08-30,11.38,11.72,11.66,11.36,48147.61,0.31,2.73,11.644,11.809,11.906,41210.92,56898.69,57050.11,1.1
2021-08-27,11.53,11.53,11.35,11.29,36160.41,-0.11,-0.96,11.716,11.879,11.92,46463.05,59255.68,61267.93,0.83
2021-08-26,11.89,11.89,11.46,11.43,45886.94,-0.45,-3.78,11.748,11.944,11.896,53263.61,59726.13,60742.41,1.05
2021-08-25,11.88,11.93,11.91,11.67,32392.14,0.07,0.59,11.846,11.988,11.859,60749.3,58777.42,59635.86,0.74
2021-08-24,12.08,12.11,11.84,11.81,43467.49,-0.18,-1.5,11.974,12.001,11.786,70133.27,60288.8,59424.32,1.0
2021-08-23,11.51,12.07,12.02,11.51,74408.25,0.51,4.43,11.974,11.996,11.732,72586.46,59456.25,58725.79,1.7
2021-08-20,11.5,11.77,11.51,11.12,70163.22,-0.44,-3.68,12.042,11.984,11.67,72048.32,55036.88,56812.47,1.61
2021-08-19,12.47,12.49,11.95,11.88,83315.39,-0.6,-4.78,12.14,12.016,11.645,66188.64,52168.26,55510.99,1.91
2021-08-18,11.76,12.6,12.55,11.73,79311.98,0.71,6.0,12.13,12.026,11.595,56805.53,48663.88,53015.52,1.82
2021-08-17,12.35,12.45,11.84,11.78,55733.46,-0.52,-4.21,12.028,11.981,11.516,50444.33,47055.27,50305.75,1.28
2021-08-16,12.0,12.6,12.36,11.83,71717.54,0.36,3.0,12.018,12.002,11.475,46326.04,57201.52,49147.93,1.64
2021-08-13,11.75,12.12,12.0,11.75,40864.85,0.1,0.84,11.926,11.961,11.399,38025.45,63280.17,47422.29,0.94
2021-08-12,11.94,11.97,11.9,11.83,36399.83,-0.14,-1.16,11.892,11.847,11.336,38147.88,61758.69,47287.02,0.83
2021-08-11,11.78,12.14,12.04,11.72,47505.95,0.25,2.12,11.922,11.73,11.284,40522.23,60494.31,49562.51,1.09
2021-08-10,11.87,11.97,11.79,11.72,35142.01,-0.11,-0.92,11.934,11.57,11.244,43666.21,58559.85,49918.82,0.8
2021-08-09,11.86,12.0,11.9,11.64,30214.59,0.07,0.59,11.986,11.468,11.221,68077.01,57995.33,50582.14,0.69
2021-08-06,12.05,12.05,11.83,11.71,41477.0,-0.22,-1.83,11.996,11.355,11.189,88534.9,58588.05,55322.56,0.95
2021-08-05,11.9,12.07,12.05,11.83,48271.58,-0.05,-0.41,11.802,11.274,11.175,85369.51,58853.72,57254.82,1.11
2021-08-04,11.94,12.31,12.1,11.9,63225.89,0.05,0.41,11.538,11.163,11.181,80466.39,57367.16,58321.19,1.45
2021-08-03,12.09,12.57,12.05,11.95,157195.98,0.1,0.84,11.206,11.051,11.185,73453.48,53556.24,61214.11,3.6
2021-08-02,11.31,11.95,11.95,11.2,132504.06,1.09,10.04,10.95,10.947,11.207,47913.64,41094.34,61710.28,3.03
2021-07-30,10.75,10.97,10.86,10.69,25650.03,0.13,1.21,10.714,10.836,11.303,28641.2,31564.4,59207.59,0.59
2021-07-29,10.46,10.8,10.73,10.46,23756.0,0.29,2.78,10.746,10.825,11.432,32337.93,32815.34,60861.93,0.54
2021-07-28,10.76,10.8,10.44,10.1,28161.34,-0.32,-2.97,10.788,10.837,11.566,34267.93,38630.72,64261.34,0.64
2021-07-27,10.77,11.0,10.77,10.67,29496.79,0.0,0.0,10.896,10.918,11.708,33658.99,41277.78,65165.51,0.68
2021-07-26,11.03,11.15,10.77,10.7,36141.85,-0.25,-2.27,10.944,10.974,11.825,34275.03,43168.96,66293.29,0.83
2021-07-23,10.98,11.12,11.02,10.85,44133.65,0.08,0.73,10.958,11.022,11.931,34487.6,52057.06,66176.0,1.01
2021-07-22,10.96,10.96,10.94,10.78,33406.0,-0.04,-0.36,10.904,11.076,12.007,33292.76,55655.93,65420.72,0.76
2021-07-21,11.0,11.05,10.98,10.9,25116.65,-0.03,-0.27,10.886,11.198,12.089,42993.51,59275.22,65296.7,0.58
2021-07-20,10.75,11.07,11.01,10.7,32577.0,0.17,1.57,10.94,11.318,12.182,48896.58,68871.99,66002.74,0.75
2021-07-19,10.76,10.9,10.84,10.68,37204.68,0.09,0.84,11.004,11.466,12.267,52062.88,82326.23,66167.24,0.85
2021-07-16,10.76,10.91,10.75,10.7,38159.45,-0.1,-0.92,11.086,11.77,12.365,69626.52,86850.77,65969.73,0.87
2021-07-15,11.3,11.3,10.85,10.66,81909.75,-0.4,-3.56,11.248,12.039,12.461,78019.09,88908.53,65410.6,1.88
2021-07-14,11.55,11.57,11.25,11.23,54632.01,-0.08,-0.71,11.51,12.294,12.562,75556.94,89891.97,62789.66,1.25
2021-07-13,11.3,11.38,11.33,11.02,48408.53,0.08,0.71,11.696,12.498,12.633,88847.4,89053.24,61224.17,1.11
2021-07-12,11.56,11.59,11.25,11.18,125022.87,-0.31,-2.68,11.928,12.676,12.705,112589.58,89417.62,60462.86,2.86
2021-07-09,12.23,12.24,11.56,11.53,80122.31,-0.6,-4.93,12.454,12.84,12.783,104075.03,80294.93,57373.78,1.83
2021-07-08,12.21,12.43,12.16,11.92,69598.97,-0.02,-0.16,12.83,12.937,12.867,99797.96,75185.51,54635.81,1.59
2021-07-07,12.15,12.54,12.18,11.57,121084.31,-0.31,-2.48,13.078,12.98,12.915,104226.99,71318.18,52576.62,2.77
2021-07-06,13.79,13.79,12.49,12.49,167119.44,-1.39,-10.01,13.3,13.045,12.965,89259.09,63133.5,48565.41,3.83
2021-07-05,13.55,13.88,13.88,13.36,82450.1,0.44,3.27,13.424,13.067,12.999,66245.66,50008.26,42101.23,1.89
2021-07-02,13.4,13.6,13.44,13.21,58736.96,0.04,0.3,13.226,12.959,12.967,56514.84,45088.68,39912.07,1.34
2021-07-01,13.29,13.96,13.4,13.22,91744.15,0.11,0.83,13.044,12.882,12.958,50573.07,41912.68,39669.07,2.1
2021-06-30,13.09,13.3,13.29,13.02,46244.79,0.18,1.37,12.882,12.829,12.942,38409.37,35687.36,38787.84,1.06
2021-06-29,12.97,13.21,13.11,12.84,52052.29,0.22,1.71,12.79,12.768,12.916,37007.91,33395.09,39008.71,1.19
2021-06-28,12.62,13.05,12.89,12.55,33796.0,0.36,2.87,12.71,12.733,12.904,33770.85,31508.1,39501.21,0.77
2021-06-25,12.59,12.65,12.53,12.3,29028.11,-0.06,-0.48,12.692,12.726,12.883,33662.52,34452.62,39920.95,0.66
2021-06-24,12.8,12.81,12.59,12.51,30925.66,-0.24,-1.87,12.72,12.796,12.875,33252.3,34086.12,42645.0,0.71
2021-06-23,12.69,13.1,12.83,12.65,39237.47,0.12,0.94,12.776,12.849,12.842,32965.35,33835.05,42692.52,0.9
2021-06-22,12.83,13.0,12.71,12.6,35867.02,-0.09,-0.7,12.746,12.885,12.79,29782.27,33997.31,42157.0,0.82
2021-06-21,12.63,12.89,12.8,12.57,33254.33,0.13,1.03,12.756,12.93,12.734,29245.34,34194.2,41358.05,0.76
2021-06-18,12.9,12.95,12.67,12.61,26977.0,-0.2,-1.55,12.76,12.974,12.681,35242.72,34735.46,40586.23,0.62
2021-06-17,12.78,13.1,12.87,12.7,29490.93,0.19,1.5,12.872,13.033,12.641,34919.93,37425.47,39979.53,0.68
2021-06-16,12.84,12.88,12.68,12.64,23322.08,-0.08,-0.63,12.922,13.054,12.598,34704.75,41888.32,40547.19,0.53
2021-06-15,12.8,13.07,12.76,12.71,33182.36,-0.06,-0.47,13.024,13.063,12.549,38212.35,44622.32,40665.74,0.76
2021-06-11,13.2,13.35,12.82,12.78,63241.24,-0.41,-3.1,13.104,13.074,12.503,39143.05,47494.32,39920.92,1.45
2021-06-10,13.12,13.28,13.23,13.08,25363.06,0.11,0.84,13.188,13.039,12.46,34228.2,45389.29,37731.44,0.58
2021-06-09,13.21,13.32,13.12,12.99,28415.0,-0.07,-0.53,13.194,12.954,12.391,39931.0,51203.89,37515.53,0.65
2021-06-08,13.2,13.4,13.19,13.0,40860.11,0.03,0.23,13.186,12.835,12.334,49071.9,51549.99,37067.84,0.94
2021-06-07,13.51,13.57,13.16,12.95,37835.84,-0.08,-0.6,13.102,12.694,12.268,51032.29,50316.68,36466.94,0.87
2021-06-04,13.25,13.39,13.24,13.05,38667.01,-0.02,-0.15,13.044,12.538,12.214,55845.6,48521.91,36402.98,0.89
2021-06-03,13.14,13.46,13.26,13.12,53877.02,0.18,1.38,12.89,12.387,12.151,56550.37,46437.0,36284.51,1.23
2021-06-02,12.71,13.31,13.08,12.64,74119.5,0.31,2.43,12.714,12.249,12.071,62476.78,42533.6,34985.74,1.7
2021-06-01,12.94,13.05,12.77,12.67,50662.08,-0.1,-0.78,12.484,12.142,12.012,54028.08,39206.06,33227.62,1.16
2021-05-31,12.5,12.96,12.87,12.48,61902.37,0.4,3.21,12.286,12.034,11.969,49601.07,36709.15,33352.89,1.42
2021-05-28,12.45,12.59,12.47,12.31,42190.89,0.09,0.73,12.032,11.931,11.895,41198.21,32347.51,34131.61,0.97
2021-05-27,11.9,12.68,12.38,11.82,83509.08,0.45,3.77,11.884,11.88,11.884,36323.64,30073.6,32918.57,1.91
2021-05-26,11.81,12.04,11.93,11.76,31876.0,0.15,1.27,11.784,11.827,11.878,22590.42,23827.17,30113.6,0.73
2021-05-25,11.68,12.0,11.78,11.58,28527.0,0.18,1.55,11.8,11.832,11.894,24384.03,22585.69,29574.95,0.65
2021-05-24,11.75,11.8,11.6,11.59,19888.1,-0.13,-1.11,11.782,11.842,11.916,23817.24,22617.19,29527.7,0.46
2021-05-21,11.9,11.98,11.73,11.63,17818.0,-0.15,-1.26,11.83,11.889,11.946,23496.81,24284.05,29948.09,0.41
2021-05-20,12.02,12.03,11.88,11.82,14843.0,-0.13,-1.08,11.876,11.915,11.972,23823.55,26132.02,30816.94,0.34
2021-05-19,11.66,12.2,12.01,11.6,40844.04,0.32,2.74,11.87,11.893,11.985,25063.91,27437.88,31888.72,0.94
2021-05-18,11.78,11.82,11.69,11.43,25693.06,-0.15,-1.27,11.864,11.882,11.995,20787.36,27249.19,31929.02,0.59
2021-05-17,12.06,12.06,11.84,11.77,18285.96,-0.12,-1.0,11.902,11.903,12.006,21417.14,29996.64,32154.95,0.42
2021-05-14,11.85,12.02,11.96,11.77,19451.71,0.11,0.93,11.948,11.859,12.009,25071.28,35915.71,32468.81,0.45
2021-05-13,11.89,12.08,11.85,11.76,21044.8,-0.13,-1.08,11.954,11.887,12.004,28440.48,35763.54,33140.67,0.48
2021-05-12,11.8,12.08,11.98,11.73,19461.25,0.1,0.84,11.916,11.928,12.018,29811.85,36400.03,33715.07,0.45
2021-05-11,12.05,12.34,11.88,11.83,28842.0,-0.19,-1.57,11.9,11.955,12.033,33711.02,36564.21,35002.41,0.66
2021-05-10,11.98,12.07,12.07,11.68,36556.64,0.08,0.67,11.904,11.99,12.059,38576.13,36438.21,37041.64,0.84
2021-05-07,11.72,12.19,11.99,11.61,36297.73,0.33,2.83,11.77,12.002,12.083,46760.14,35612.13,39252.99,0.83
2021-05-06,11.84,11.95,11.66,11.66,27901.63,-0.24,-2.02,11.82,12.028,12.102,43086.6,35501.86,42604.62,0.64
2021-04-30,11.89,11.99,11.9,11.56,38957.12,0.0,0.0,11.94,12.077,12.088,42988.22,36339.56,43170.13,0.89
2021-04-29,11.43,12.0,11.9,11.35,53167.51,0.5,4.39,12.01,12.107,12.053,39417.39,36608.85,42314.6,1.22
2021-04-28,12.24,12.24,11.4,11.32,77476.73,-0.84,-6.86,12.076,12.109,12.016,34300.29,34313.27,40666.86,1.77
2021-04-27,12.21,12.32,12.24,12.13,17930.01,-0.02,-0.16,12.234,12.159,12.007,24464.12,29021.9,38182.07,0.41
2021-04-26,12.25,12.33,12.26,12.09,27409.71,0.01,0.08,12.236,12.12,11.958,27917.12,30517.8,38990.2,0.63
2021-04-23,12.15,12.39,12.25,12.15,21103.0,0.02,0.16,12.214,12.107,11.902,29690.9,31030.11,40494.72,0.48
2021-04-22,12.16,12.34,12.23,12.11,27581.98,0.04,0.33,12.204,12.11,11.852,33800.31,33440.61,43134.18,0.63
2021-04-21,12.24,12.4,12.19,12.16,28295.89,-0.06,-0.49,12.142,12.128,11.807,34326.25,37645.07,45548.01,0.65
2021-04-20,12.1,12.36,12.25,12.08,35195.03,0.1,0.82,12.084,12.164,11.754,33579.69,42893.85,47203.63,0.81
2021-04-19,12.12,12.31,12.15,12.06,36278.61,-0.05,-0.41,12.004,12.176,11.696,33118.49,49707.39,50616.73,0.83
2021-04-16,11.99,12.46,12.2,11.89,41650.05,0.28,2.35,12.0,12.098,11.633,32369.31,50000.69,56656.72,0.95
2021-04-15,11.9,12.13,11.92,11.75,30211.66,0.02,0.17,12.016,11.998,11.533,33080.91,48020.35,55668.91,0.69
2021-04-14,11.82,12.01,11.9,11.74,24563.09,0.05,0.42,12.114,11.923,11.445,40963.89,47020.45,55909.54,0.56
2021-04-13,12.16,12.23,11.85,11.8,32889.02,-0.28,-2.31,12.244,11.854,11.338,52208.02,47342.25,55462.26,0.75
2021-04-12,12.28,12.3,12.13,12.03,32532.73,-0.15,-1.22,12.348,11.796,11.222,66296.29,47462.6,54336.61,0.74
2021-04-09,12.53,12.53,12.28,12.09,45208.06,-0.13,-1.05,12.196,11.696,11.093,67632.08,49959.32,53163.08,1.03
2021-04-08,12.54,12.79,12.41,12.38,69626.55,-0.14,-1.12,11.98,11.594,10.959,62959.79,52827.74,51417.57,1.59
2021-04-07,12.31,12.62,12.55,12.27,80783.73,0.18,1.46,11.732,11.486,10.816,53077.01,53450.95,48518.51,1.85
2021-04-06,11.43,12.49,12.37,11.33,103330.37,1.0,8.79,11.464,11.344,10.667,42476.47,51513.4,45261.54,2.37
2021-04-02,11.13,11.44,11.37,11.13,39211.68,0.17,1.52,11.244,11.216,10.535,28628.92,51526.08,40702.97,0.9
2021-04-01,11.14,11.5,11.2,11.08,21846.61,0.03,0.27,11.196,11.168,10.456,32286.57,63312.74,39230.34,0.5
2021-03-31,11.17,11.37,11.17,11.15,20212.64,-0.04,-0.36,11.208,11.068,10.383,42695.7,63317.48,38696.16,0.46
2021-03-30,11.25,11.33,11.21,11.1,27781.07,-0.06,-0.53,11.24,10.967,10.318,53824.89,64798.62,38187.25,0.64
2021-03-29,11.1,11.27,11.27,10.97,34092.58,0.14,1.26,11.224,10.821,10.25,60550.33,63582.28,37416.26,0.78
2021-03-26,11.12,11.19,11.13,10.96,57499.95,-0.13,-1.16,11.188,10.647,10.176,74423.24,61210.62,36410.77,1.32
2021-03-25,11.3,11.69,11.26,11.1,73892.25,-0.07,-0.62,11.14,10.49,10.103,94338.9,56366.83,34206.67,1.69
2021-03-24,11.18,11.45,11.33,11.01,75858.58,0.2,1.8,10.928,10.323,10.026,83939.25,50007.41,31492.41,1.74
2021-03-23,11.04,11.34,11.13,11.02,61408.31,0.04,0.36,10.694,10.145,9.945,75772.36,43586.07,28528.09,1.41
2021-03-22,10.72,11.36,11.09,10.71,103457.1,0.2,1.84,10.418,9.989,9.88,66614.23,39009.67,26706.0,2.37
2021-03-19,10.08,11.22,10.89,10.08,157078.28,0.69,6.76,10.106,9.854,9.811,47998.0,29879.86,23362.48,3.6
2021-03-18,10.07,10.27,10.2,10.07,21894.0,0.04,0.39,9.84,9.744,9.743,18394.75,15147.95,16657.06,0.5
2021-03-17,9.75,10.28,10.16,9.74,35024.12,0.41,4.21,9.718,9.698,9.698,16075.56,14074.85,16441.49,0.8
2021-03-16,9.56,9.88,9.75,9.53,15617.64,0.22,2.31,9.596,9.669,9.649,11399.78,11575.88,15271.39,0.36
2021-03-15,9.67,9.67,9.53,9.5,10375.98,-0.03,-0.31,9.56,9.678,9.62,11405.12,11250.23,15413.73,0.24
2021-03-12,9.59,9.59,9.56,9.46,9062.02,-0.03,-0.31,9.602,9.705,9.606,11761.72,11610.92,15320.38,0.21
2021-03-11,9.47,9.62,9.59,9.47,10298.02,0.04,0.42,9.648,9.715,9.602,11901.14,12046.52,15390.42,0.24
2021-03-10,9.6,9.63,9.55,9.48,11645.24,-0.02,-0.21,9.678,9.729,9.592,12074.14,12977.41,15457.12,0.27
2021-03-09,9.74,9.74,9.57,9.4,15644.33,-0.17,-1.75,9.742,9.745,9.589,11751.98,13470.1,15408.03,0.36
2021-03-08,9.86,9.88,9.74,9.68,12159.0,-0.05,-0.51,9.796,9.771,9.592,11095.35,14402.33,14943.58,0.28
2021-03-05,9.74,9.81,9.79,9.7,9759.12,0.05,0.51,9.808,9.768,9.588,11460.12,16845.1,14821.55,0.22
2021-03-04,9.87,9.88,9.74,9.73,11163.0,-0.13,-1.32,9.782,9.742,9.58,12191.89,18166.18,15193.99,0.26
2021-03-03,9.84,9.89,9.87,9.78,10034.47,0.03,0.3,9.78,9.697,9.567,13880.68,18808.12,15397.38,0.23
2021-03-02,9.8,9.93,9.84,9.75,12361.15,0.04,0.41,9.748,9.628,9.546,15188.22,18966.89,16008.83,0.28
2021-03-01,9.66,9.81,9.8,9.66,13982.85,0.14,1.45,9.746,9.561,9.531,17709.3,19577.23,16238.87,0.32
2021-02-26,9.65,9.75,9.66,9.6,13418.0,-0.07,-0.72,9.728,9.507,9.525,22230.08,19029.83,16479.7,0.31
2021-02-25,9.74,9.9,9.73,9.66,19606.91,0.02,0.21,9.702,9.488,9.534,24140.46,18734.33,16521.17,0.45
2021-02-24,9.83,9.88,9.71,9.67,16572.21,-0.12,-1.22,9.614,9.454,9.544,23735.57,17936.84,16326.09,0.38
2021-02-23,9.68,9.94,9.83,9.62,24966.55,0.12,1.24,9.508,9.432,9.555,22745.55,17345.96,17146.25,0.57
2021-02-22,9.55,9.89,9.71,9.5,36586.72,0.18,1.89,9.376,9.413,9.578,21445.16,15484.83,18353.11,0.84
2021-02-19,9.32,9.56,9.53,9.24,22969.89,0.24,2.58,9.286,9.408,9.59,15829.58,12798.0,17190.51,0.53
2021-02-18,9.35,9.38,9.29,9.19,17582.48,0.11,1.2,9.274,9.418,9.613,13328.2,12221.81,16592.86,0.4
2021-02-10,9.19,9.23,9.18,9.03,11622.12,0.01,0.11,9.294,9.436,9.65,12138.1,11986.64,16385.42,0.27
2021-02-09,9.3,9.35,9.17,9.02,18464.6,-0.09,-0.97,9.356,9.463,9.691,11946.36,13050.78,16770.27,0.42
2021-02-08,9.4,9.4,9.26,9.26,8508.82,-0.21,-2.22,9.45,9.501,9.725,9524.49,12900.52,16360.47,0.19
2021-02-05,9.37,9.51,9.47,9.28,10463.0,0.08,0.85,9.53,9.542,9.751,9766.41,13929.58,16712.29,0.24
2021-02-04,9.53,9.59,9.39,9.28,11631.98,-0.1,-1.05,9.562,9.579,9.776,11115.42,14308.02,17376.86,0.27
2021-02-03,9.59,9.6,9.49,9.42,10663.4,-0.15,-1.56,9.578,9.633,9.79,11835.18,14715.35,18811.96,0.24
2021-02-02,9.57,9.7,9.64,9.56,6355.26,-0.02,-0.21,9.57,9.677,9.811,14155.19,16946.55,19358.96,0.15
2021-02-01,9.78,9.78,9.66,9.52,9718.42,0.03,0.31,9.552,9.743,9.835,16276.54,21221.39,19990.99,0.22
2021-01-29,9.47,9.73,9.63,9.37,17208.03,0.16,1.69,9.554,9.771,9.861,18092.74,21583.02,20069.35,0.39
2021-01-28,9.46,9.54,9.47,9.31,15230.8,0.02,0.21,9.596,9.807,9.89,17500.62,20963.91,19812.64,0.35
2021-01-27,9.59,9.64,9.45,9.36,22263.45,-0.1,-1.05,9.688,9.864,9.926,17595.52,20784.19,19763.14,0.51
2021-01-26,9.67,9.72,9.55,9.53,16962.0,-0.12,-1.24,9.784,9.919,9.967,19737.91,20489.77,20036.07,0.39
2021-01-25,9.78,9.84,9.67,9.63,18799.44,-0.17,-1.73,9.934,9.948,9.988,26166.25,19820.43,20409.27,0.43
2021-01-22,9.9,9.95,9.84,9.79,14247.41,-0.09,-0.91,9.988,9.96,10.004,25073.29,19495.01,21593.55,0.33
2021-01-21,10.05,10.06,9.93,9.81,15705.31,0.0,0.0,10.018,9.972,10.025,24427.21,20445.71,21901.53,0.36
2021-01-20,10.3,10.3,9.93,9.82,32975.41,-0.37,-3.59,10.04,9.946,10.053,23972.86,22908.57,21791.14,0.75
2021-01-19,9.95,10.37,10.3,9.95,49103.67,0.36,3.62,10.054,9.945,10.085,21241.63,21771.37,21609.16,1.12
2021-01-18,9.99,10.04,9.94,9.88,13334.64,-0.05,-0.5,9.962,9.926,10.114,13474.61,18760.59,19922.92,0.31
2021-01-15,9.9,10.07,9.99,9.9,11017.01,-0.05,-0.5,9.932,9.951,10.161,13916.72,18555.68,19916.1,0.25
2021-01-14,9.99,10.09,10.04,9.9,13433.58,0.04,0.4,9.926,9.972,10.205,16464.2,18661.36,20180.85,0.31
2021-01-13,9.85,10.14,10.0,9.73,19319.26,0.16,1.63,9.852,9.988,10.245,21844.28,18742.09,20448.01,0.44
2021-01-12,9.79,9.9,9.84,9.73,10268.54,0.05,0.51,9.836,10.015,10.299,22301.12,19582.37,20171.52,0.24
2021-01-11,9.96,10.08,9.79,9.78,15545.22,-0.17,-1.71,9.89,10.028,10.355,24046.57,20998.11,20497.77,0.36
2021-01-08,9.57,10.18,9.96,9.57,23754.42,0.29,3.0,9.97,10.048,10.409,23194.64,23692.1,20899.63,0.54
2021-01-07,9.9,9.91,9.67,9.51,40333.95,-0.25,-2.52,10.018,10.077,10.465,20858.52,23357.36,20409.19,0.92
2021-01-06,10.11,10.19,9.92,9.89,21603.45,-0.19,-1.88,10.124,10.16,10.537,15639.91,20673.72,19214.59,0.49
2021-01-05,10.13,10.25,10.11,10.06,18995.79,-0.08,-0.79,10.194,10.224,10.606,16863.62,21446.94,18925.76,0.43
2021-01-04,10.18,10.25,10.19,10.13,11285.6,-0.01,-0.1,10.166,10.302,10.66,17949.66,21085.26,18534.62,0.26
2020-12-31,10.2,10.38,10.2,10.15,12073.83,0.0,0.0,10.126,10.37,10.712,24189.56,21276.51,19086.83,0.28
2020-12-30,10.3,10.37,10.2,10.15,14240.86,-0.07,-0.68,10.136,10.437,10.768,25856.19,21700.33,19370.44,0.33
2020-12-29,10.03,10.38,10.27,10.03,27722.0,0.3,3.01,10.196,10.502,10.825,25707.53,22153.92,19430.46,0.63
2020-12-28,9.91,10.22,9.97,9.91,24426.0,-0.02,-0.2,10.254,10.583,10.879,26030.26,20760.67,19168.48,0.56
2020-12-25,9.7,10.19,9.99,9.7,42485.09,-0.26,-2.54,10.438,10.682,10.954,24220.86,19997.43,19405.17,0.97
2020-12-24,10.52,10.52,10.25,10.25,20407.0,-0.25,-2.38,10.614,10.769,11.017,18363.46,18107.16,18297.42,0.47
2020-12-23,10.58,10.6,10.5,10.45,13497.57,-0.06,-0.57,10.738,10.853,11.067,17544.46,17461.03,18278.06,0.31
2020-12-22,10.81,10.89,10.56,10.5,29335.64,-0.33,-3.03,10.808,10.914,11.099,18600.32,17755.47,19045.83,0.67
2020-12-21,10.82,10.94,10.89,10.77,15379.0,0.02,0.18,10.912,10.988,11.136,15491.08,16404.57,19485.52,0.35
2020-12-18,10.92,10.92,10.87,10.79,13198.1,0.0,0.0,10.926,11.018,11.168,15773.99,15983.99,20260.69,0.3
2020-12-17,10.9,10.91,10.87,10.76,16312.0,0.02,0.18,10.924,11.053,11.208,17850.85,16897.15,20492.09,0.37
2020-12-16,11.05,11.07,10.85,10.81,18776.84,-0.23,-2.08,10.968,11.099,11.248,17377.59,17040.55,20863.45,0.43
2020-12-15,10.96,11.19,11.08,10.96,13789.44,0.12,1.09,11.02,11.147,11.288,16910.62,16707.0,21651.31,0.32
2020-12-14,10.89,11.16,10.96,10.88,16793.58,0.1,0.92,11.064,11.174,11.325,17318.07,17576.3,22178.83,0.38
2020-12-11,11.09,11.14,10.86,10.86,23582.41,-0.23,-2.07,11.11,11.225,11.368,16193.99,18812.92,22727.93,0.54
2020-12-10,11.13,11.25,11.09,11.02,13945.68,-0.02,-0.18,11.182,11.265,11.417,15943.44,18487.68,23254.46,0.32
2020-12-09,11.25,11.36,11.11,11.09,16442.0,-0.19,-1.68,11.23,11.28,11.441,16703.52,19095.1,23503.72,0.38
2020-12-08,11.19,11.42,11.3,11.19,15826.69,0.11,0.98,11.274,11.283,11.462,16503.38,20336.2,25152.82,0.36
2020-12-07,11.27,11.28,11.19,11.16,11173.16,-0.03,-0.27,11.284,11.283,11.485,17834.52,22566.47,27680.15,0.26
2020-12-04,11.34,11.34,11.22,11.19,22329.68,-0.11,-0.97,11.34,11.317,11.513,21431.85,24537.4,31277.55,0.51
2020-12-03,11.42,11.43,11.33,11.27,17746.06,0.0,0.0,11.348,11.362,11.509,21031.92,24087.03,30824.36,0.41
2020-12-02,11.35,11.44,11.33,11.31,15441.3,-0.02,-0.18,11.33,11.397,11.493,21486.68,24686.34,30414.72,0.35
2020-12-01,11.43,11.48,11.35,11.34,22482.39,-0.12,-1.05,11.292,11.428,11.476,24169.02,26595.61,30036.15,0.51
2020-11-30,11.25,11.58,11.47,11.21,29159.82,0.21,1.86,11.282,11.475,11.459,27298.42,26781.37,29278.28,0.67
2020-11-27,11.21,11.3,11.26,11.11,20330.03,0.02,0.18,11.294,11.51,11.427,27642.94,26642.94,28492.75,0.47
2020-11-26,11.2,11.32,11.24,11.15,20019.86,0.1,0.9,11.376,11.568,11.409,27142.13,28021.23,28176.05,0.46
2020-11-25,11.32,11.38,11.14,11.12,28853.0,-0.16,-1.42,11.464,11.601,11.398,27886.0,27912.35,27576.41,0.66
2020-11-24,11.6,11.61,11.3,11.25,38129.41,-0.23,-2.0,11.564,11.641,11.395,29022.2,29969.44,26543.66,0.87
2020-11-23,11.67,11.71,11.53,11.48,30882.4,-0.14,-1.2,11.668,11.686,11.379,26264.32,32793.83,25028.99,0.71
2020-11-20,11.68,11.77,11.67,11.6,17826.0,-0.01,-0.09,11.726,11.708,11.35,25642.94,38017.7,24148.8,0.41
2020-11-19,11.67,11.75,11.68,11.52,23739.21,0.04,0.34,11.76,11.656,11.32,28900.33,37561.69,23820.85,0.54
2020-11-18,11.82,11.84,11.64,11.64,34534.0,-0.18,-1.52,11.738,11.589,11.296,27938.69,36143.09,22984.98,0.79
2020-11-17,11.9,11.9,11.82,11.7,24340.0,0.0,0.0,11.718,11.524,11.271,30916.67,33476.69,21937.72,0.56
2020-11-16,11.84,11.96,11.82,11.75,27775.48,-0.02,-0.17,11.704,11.442,11.245,39323.34,31775.19,21191.46,0.64
2020-11-13,11.57,11.9,11.84,11.47,34112.94,0.27,2.33,11.69,11.344,11.216,50392.47,30342.56,20312.34,0.78
2020-11-12,11.6,11.66,11.57,11.46,18931.01,0.03,0.26,11.552,11.25,11.188,46223.06,28330.87,19065.72,0.43
2020-11-11,11.75,11.84,11.54,11.45,49423.94,-0.21,-1.79,11.44,11.194,11.174,44347.5,27240.47,18774.56,1.13
2020-11-10,11.75,12.11,11.75,11.58,66373.34,0.0,0.0,11.33,11.148,11.162,36036.71,23117.89,16807.87,1.52
2020-11-09,11.18,11.85,11.75,11.16,83121.12,0.6,5.38,11.18,11.072,11.141,24227.04,17264.15,14352.19,1.9
2020-11-06,11.03,11.18,11.15,10.93,13265.88,0.14,1.27,10.998,10.992,11.127,10292.64,10279.89,11397.13,0.3
2020-11-05,11.05,11.06,11.01,10.93,9553.2,0.02,0.18,10.948,10.984,11.134,10438.68,10080.0,11259.39,0.22
2020-11-04,10.95,11.07,10.99,10.91,7870.0,-0.01,-0.09,10.948,11.003,11.137,10133.44,9826.88,11244.89,0.18
2020-11-03,10.84,11.03,11.0,10.84,7325.01,0.16,1.48,10.966,11.018,11.148,10199.07,10398.74,11607.05,0.17
2020-11-02,10.88,10.89,10.84,10.75,13449.11,-0.06,-0.55,10.964,11.048,11.151,10301.27,10607.72,11716.2,0.31
2020-10-30,11.01,11.15,10.9,10.86,13996.1,-0.11,-1.0,10.986,11.087,11.162,10267.13,10282.13,11668.76,0.32
2020-10-29,11.08,11.13,11.01,10.95,8027.0,-0.07,-0.63,11.02,11.125,11.166,9721.31,9800.57,12345.85,0.18
2020-10-28,10.88,11.29,11.08,10.88,8198.13,0.09,0.82,11.058,11.154,11.181,9520.31,10308.65,12524.65,0.19
2020-10-27,11.1,11.1,10.99,10.91,7835.99,0.04,0.36,11.07,11.176,11.192,10598.42,10497.86,12775.06,0.18
2020-10-26,11.02,11.11,10.95,10.9,13278.44,-0.12,-1.08,11.132,11.21,11.214,10914.17,11440.23,13054.44,0.3
2020-10-23,11.19,11.25,11.07,11.01,11267.0,-0.13,-1.16,11.188,11.261,11.237,10297.12,12514.37,13387.44,0.26
2020-10-22,11.09,11.22,11.2,11.07,7022.0,0.06,0.54,11.23,11.283,11.252,9879.82,12438.79,13461.06,0.16
2020-10-21,11.27,11.31,11.14,11.08,13588.66,-0.16,-1.42,11.25,11.271,11.258,11096.99,12662.9,13665.67,0.31
2020-10-20,11.22,11.31,11.3,11.12,9414.75,0.07,0.62,11.282,11.277,11.27,10397.3,12815.35,13669.79,0.22
2020-10-19,11.29,11.35,11.23,11.2,10193.18,-0.05,-0.44,11.288,11.254,11.277,11966.28,12824.68,13967.5,0.23
2020-10-16,11.31,11.33,11.28,11.23,9180.5,-0.02,-0.18,11.334,11.237,11.282,14731.63,13055.4,14196.5,0.21
2020-10-15,11.3,11.33,11.3,11.23,13107.88,0.0,0.0,11.336,11.206,11.283,14997.76,14891.14,15201.87,0.3
2020-10-14,11.34,11.34,11.3,11.24,10090.17,-0.03,-0.27,11.292,11.208,11.295,14228.81,14740.65,16145.25,0.23
2020-10-13,11.39,11.42,11.33,11.25,17259.68,-0.13,-1.13,11.272,11.208,11.318,15233.41,15052.26,17484.59,0.4
2020-10-12,11.32,11.48,11.46,11.31,24019.92,0.17,1.51,11.22,11.217,11.343,13683.07,14668.66,18488.81,0.55
2020-10-09,11.16,11.31,11.29,11.16,10511.17,0.21,1.9,11.14,11.212,11.364,11379.18,14260.5,18717.43,0.24
2020-09-30,11.24,11.24,11.08,11.08,9263.11,-0.12,-1.07,11.076,11.221,11.395,14784.51,14483.32,19597.07,0.21
2020-09-29,11.07,11.24,11.2,11.06,15113.15,0.13,1.17,11.124,11.245,11.437,15252.49,14668.44,20713.93,0.35
2020-09-28,11.06,11.22,11.07,11.01,9508.0,0.01,0.09,11.144,11.263,11.467,14871.11,14524.22,20916.36,0.22
2020-09-25,10.93,11.12,11.06,10.92,12500.46,0.09,0.82,11.214,11.299,11.501,15654.25,15110.33,22240.82,0.29
2020-09-24,11.28,11.29,10.97,10.95,27537.85,-0.35,-3.09,11.284,11.327,11.544,17141.82,15337.6,24203.84,0.63
2020-09-23,11.4,11.4,11.32,11.27,11603.01,0.02,0.18,11.366,11.36,11.581,14182.13,15512.6,24442.02,0.27
2020-09-22,11.33,11.39,11.3,11.26,13206.25,-0.12,-1.05,11.366,11.382,11.594,14084.38,17549.85,25776.24,0.3
2020-09-21,11.39,11.47,11.42,11.33,13423.7,0.01,0.09,11.382,11.427,11.607,14177.33,19916.91,26649.51,0.31
2020-09-18,11.34,11.44,11.41,11.32,19938.28,0.03,0.26,11.384,11.468,11.62,14566.41,22308.95,27560.52,0.46
2020-09-17,11.32,11.42,11.38,11.25,12739.42,0.06,0.53,11.37,11.516,11.625,13533.38,23174.37,27281.46,0.29
2020-09-16,11.31,11.39,11.32,11.28,11114.26,-0.06,-0.53,11.354,11.568,11.629,16843.06,24710.82,27497.5,0.25
2020-09-15,11.4,11.48,11.38,11.32,13671.0,-0.05,-0.44,11.398,11.628,11.64,21015.31,26759.42,28138.08,0.31
2020-09-14,11.36,11.53,11.43,11.34,15369.08,0.09,0.79,11.472,11.671,11.649,25656.49,27308.49,29024.03,0.35
2020-09-11,11.29,11.42,11.34,11.22,14773.14,0.04,0.35,11.552,11.702,11.653,30051.5,29371.31,29355.42,0.34
2020-09-10,11.52,11.67,11.3,11.26,29287.81,-0.24,-2.08,11.662,11.761,11.656,32815.36,33070.09,29943.51,0.67
2020-09-09,11.69,11.82,11.54,11.5,31975.52,-0.21,-1.79,11.782,11.801,11.66,32578.58,33371.44,29811.22,0.73
2020-09-08,11.78,11.85,11.75,11.58,36876.92,-0.08,-0.68,11.858,11.805,11.65,32503.52,34002.64,30136.4,0.84
2020-09-07,11.99,12.09,11.83,11.68,37344.1,-0.06,-0.51,11.87,11.786,11.638,28960.49,33382.1,30659.5,0.85
2020-09-04,11.8,11.93,11.89,11.69,28592.46,-0.01,-0.08,11.852,11.772,11.619,28691.11,32812.08,29987.17,0.65
2020-09-03,11.97,11.97,11.9,11.75,28103.88,-0.02,-0.17,11.86,11.733,11.592,33324.82,31388.55,30567.51,0.64
2020-09-02,11.83,11.94,11.92,11.68,31600.25,0.11,0.93,11.82,11.69,11.582,34164.29,30284.18,30980.72,0.72
2020-09-01,11.74,11.82,11.81,11.7,19161.78,0.07,0.6,11.752,11.651,11.571,35501.75,29516.75,30968.47,0.44
2020-08-31,11.94,12.09,11.74,11.73,35997.19,-0.19,-1.59,11.702,11.626,11.564,37803.7,30739.57,32251.55,0.82
2020-08-28,11.73,12.05,11.93,11.65,51760.98,0.23,1.97,11.692,11.604,11.569,36933.05,29339.53,33148.32,1.19
2020-08-27,11.58,11.84,11.7,11.48,32301.27,0.12,1.04,11.606,11.55,11.556,29452.29,26816.93,31867.78,0.74
2020-08-26,11.52,11.78,11.58,11.51,38287.55,0.02,0.17,11.56,11.519,11.556,26404.06,26251.0,32300.58,0.88
2020-08-25,11.75,11.8,11.56,11.52,30671.53,-0.13,-1.11,11.55,11.495,11.554,23531.75,26270.16,31639.49,0.7
2020-08-24,11.52,11.72,11.69,11.46,31643.9,0.19,1.65,11.55,11.49,11.543,23675.44,27936.91,31241.26,0.72
2020-08-21,11.48,11.59,11.5,11.4,14357.2,0.03,0.26,11.516,11.465,11.52,21746.01,27162.27,30961.76,0.33
2020-08-20,11.42,11.55,11.47,11.36,17060.11,-0.06,-0.52,11.494,11.451,11.514,24181.57,29746.47,32235.71,0.39
2020-08-19,11.57,11.66,11.53,11.46,23926.0,-0.03,-0.26,11.478,11.473,11.531,26097.95,31677.26,33084.9,0.55
2020-08-18,11.5,11.65,11.56,11.47,31390.0,0.04,0.35,11.44,11.49,11.555,29008.57,32420.19,33240.43,0.72
2020-08-17,11.38,11.54,11.52,11.36,21996.74,0.13,1.14,11.43,11.502,11.58,32198.38,33763.52,33257.45,0.5
2020-08-14,11.39,11.41,11.39,11.29,26535.0,0.0,0.0,11.414,11.533,11.6,32578.53,36957.12,33599.51,0.61
2020-08-13,11.37,11.51,11.39,11.35,26642.0,0.05,0.44,11.408,11.561,11.615,35311.37,36918.64,34420.2,0.61
2020-08-12,11.57,11.58,11.34,11.22,38479.1,-0.17,-1.48,11.468,11.593,11.635,37256.57,38350.16,36597.89,0.88
2020-08-11,11.42,11.74,11.51,11.37,47339.04,0.07,0.61,11.54,11.613,11.673,35831.81,37008.82,39058.7,1.08
2020-08-10,11.21,11.53,11.44,11.21,23897.5,0.08,0.7,11.574,11.595,11.731,35328.66,34545.62,40478.33,0.55
2020-08-07,11.73,11.73,11.36,11.23,40199.22,-0.33,-2.82,11.652,11.574,11.787,41335.71,34761.25,42363.37,0.92
2020-08-06,11.7,11.71,11.69,11.47,36368.0,-0.01,-0.09,11.714,11.576,11.838,38525.9,34724.94,43767.79,0.83
2020-08-05,11.78,11.83,11.7,11.61,31355.3,0.02,0.17,11.718,11.589,11.876,39443.75,34492.54,45754.96,0.72
2020-08-04,11.81,11.86,11.68,11.6,44823.28,-0.15,-1.27,11.686,11.62,11.905,38185.82,34060.67,46885.42,1.03
2020-08-03,11.68,11.88,11.83,11.59,53932.74,0.16,1.37,11.616,11.658,11.93,33762.58,32751.38,48889.48,1.23
2020-07-31,11.68,11.8,11.67,11.48,26150.17,-0.04,-0.34,11.496,11.667,11.953,28186.79,30241.9,51576.29,0.6
2020-07-30,11.48,11.84,11.71,11.37,40957.27,0.17,1.47,11.438,11.669,11.965,30923.99,31921.76,53695.74,0.94
2020-07-29,11.3,11.55,11.54,11.23,25065.63,0.21,1.85,11.46,11.676,11.958,29541.33,34845.61,53740.23,0.57
2020-07-28,11.33,11.41,11.33,11.19,22707.09,0.1,0.89,11.554,11.732,11.958,29935.51,41108.58,53966.54,0.52
2020-07-27,11.6,11.68,11.23,11.17,26053.81,-0.15,-1.32,11.7,11.866,11.964,31740.18,46411.04,53967.39,0.6
2020-07-24,11.77,11.96,11.38,11.36,39836.13,-0.44,-3.72,11.838,12.0,11.968,32297.0,49965.49,54131.81,0.91
2020-07-23,12.0,12.04,11.82,11.6,34043.99,-0.18,-1.5,11.9,12.099,11.975,32919.54,52810.64,54742.83,0.78
2020-07-22,12.06,12.14,12.01,12.0,27036.54,-0.05,-0.41,11.892,12.162,11.953,40149.89,57017.38,54490.0,0.62
2020-07-21,11.98,12.15,12.06,11.9,31730.41,0.14,1.17,11.91,12.189,11.929,52281.65,59710.18,54414.77,0.73
2020-07-20,11.72,11.94,11.92,11.65,28837.91,0.23,1.97,12.032,12.201,11.899,61081.89,65027.58,53909.9,0.66
2020-07-17,11.72,11.94,11.69,11.51,42948.86,-0.09,-0.76,12.162,12.239,11.878,67633.99,72910.68,53439.36,0.98
2020-07-16,12.14,12.25,11.78,11.72,70195.75,-0.32,-2.65,12.298,12.261,11.872,72701.75,75469.71,52010.42,1.61
2020-07-15,12.61,12.7,12.1,12.09,87695.32,-0.57,-4.5,12.432,12.239,11.867,73884.87,72634.85,49468.23,2.01
2020-07-14,12.68,12.95,12.67,12.41,75731.63,0.1,0.8,12.468,12.184,11.842,67138.71,66824.49,46149.44,1.73
2020-07-13,12.48,12.65,12.57,12.37,61598.4,0.2,1.62,12.37,12.061,11.785,68973.26,61523.74,43303.95,1.41
2020-07-10,12.46,12.57,12.37,12.25,68287.63,-0.08,-0.64,12.316,11.935,11.739,78187.38,58298.12,41117.29,1.56
2020-07-09,12.3,12.55,12.45,12.25,76111.38,0.17,1.38,12.224,11.851,11.702,78237.67,56675.03,38439.76,1.74
2020-07-08,12.23,12.32,12.28,12.07,53964.52,0.1,0.82,12.046,11.744,11.664,71384.82,51962.61,36201.99,1.24
2020-07-07,12.3,12.38,12.18,12.0,84904.35,-0.12,-0.98,11.9,11.668,11.643,66510.27,49119.36,35127.92,1.94
2020-07-06,12.09,12.39,12.3,11.89,107669.0,0.39,3.27,11.752,11.596,11.636,54074.21,42792.23,33345.41,2.46
2020-07-03,11.53,12.04,11.91,11.48,68539.08,0.35,3.03,11.554,11.516,11.612,38408.86,33968.04,30010.98,1.57
2020-07-02,11.53,11.68,11.56,11.44,41847.15,0.01,0.09,11.478,11.483,11.618,35112.38,28551.13,30218.83,0.96
2020-07-01,11.45,11.78,11.55,11.44,29591.78,0.11,0.96,11.442,11.494,11.643,32540.4,26301.62,34511.86,0.68
2020-06-30,11.31,11.5,11.44,11.31,22724.06,0.13,1.15,11.436,11.499,11.632,31728.45,25474.39,36677.54,0.52
2020-06-29,11.4,11.44,11.31,11.21,29342.22,-0.22,-1.91,11.44,11.508,11.608,31510.24,25084.17,36618.89,0.67
2020-06-24,11.38,11.81,11.53,11.26,52056.71,0.15,1.32,11.478,11.542,11.596,29527.22,23936.47,36591.25,1.19
2020-06-23,11.56,11.56,11.38,11.35,28987.24,-0.14,-1.22,11.488,11.552,11.581,21989.88,20204.5,36557.25,0.66
2020-06-22,11.5,11.58,11.52,11.4,25532.01,0.06,0.52,11.546,11.584,11.573,20062.83,20441.38,37043.7,0.58
2020-06-19,11.51,11.57,11.46,11.42,21633.0,-0.04,-0.35,11.562,11.618,11.545,19220.33,21136.48,36779.87,0.5
2020-06-18,11.58,11.62,11.5,11.49,19427.13,-0.08,-0.69,11.576,11.675,11.524,18658.1,23898.59,38853.0,0.44
2020-06-17,11.68,11.7,11.58,11.49,14370.0,-0.09,-0.77,11.606,11.707,11.494,18345.72,26053.91,40212.0,0.33
2020-06-16,11.58,11.68,11.67,11.52,19352.0,0.07,0.6,11.616,11.753,11.443,18419.13,31886.53,40119.65,0.44
2020-06-15,11.7,11.88,11.6,11.47,21319.5,0.07,0.61,11.622,11.791,11.394,20819.93,42722.1,40721.53,0.49
2020-06-12,11.46,11.62,11.53,11.36,18821.89,-0.12,-1.03,11.674,11.764,11.335,23052.63,47880.7,40535.5,0.43
2020-06-11,11.65,11.74,11.65,11.55,17865.23,0.02,0.17,11.774,11.708,11.285,29139.07,48153.61,40248.8,0.41
2020-06-10,11.63,11.72,11.63,11.52,14737.01,-0.07,-0.6,11.808,11.649,11.229,33762.1,49246.02,40152.76,0.34
2020-06-09,11.86,11.92,11.7,11.65,31356.01,-0.16,-1.35,11.89,11.609,11.181,45353.93,52910.0,40142.56,0.72
2020-06-08,12.05,12.19,11.86,11.8,32483.0,-0.17,-1.41,11.96,11.562,11.129,64624.27,53646.01,39614.73,0.74
2020-06-05,11.82,12.08,12.03,11.77,49254.11,0.21,1.78,11.854,11.472,11.076,72708.78,52423.27,38894.04,1.13
2020-06-04,12.04,12.09,11.82,11.78,40980.39,-0.22,-1.83,11.642,11.372,11.018,67168.15,53807.4,37605.64,0.94
2020-06-03,11.99,12.15,12.04,11.79,72696.14,-0.01,-0.08,11.49,11.28,10.968,64729.94,54370.09,36561.95,1.66
2020-06-02,11.33,12.2,12.05,11.26,127707.72,0.72,6.36,11.328,11.133,10.913,60466.06,48352.78,34437.54,2.92
2020-06-01,11.5,11.77,11.33,11.27,72905.52,0.36,3.28,11.164,10.996,10.857,42667.75,38720.96,29996.79,1.67
2020-05-29,11.02,11.17,10.97,10.92,21551.0,-0.09,-0.81,11.09,10.905,10.817,32137.77,33190.29,28016.61,0.49
2020-05-28,11.15,11.24,11.06,10.93,28789.34,-0.17,-1.51,11.102,10.862,10.786,40446.65,32343.99,28897.12,0.66
2020-05-27,11.14,11.47,11.23,11.11,51376.72,0.0,0.0,11.07,10.808,10.773,44010.23,31059.49,28253.55,1.18
2020-05-26,11.16,11.31,11.23,10.93,38716.18,0.27,2.46,10.938,10.753,10.753,36239.49,27375.13,26995.72,0.89
2020-05-25,10.93,11.11,10.96,10.89,20255.59,-0.07,-0.64,10.828,10.696,10.738,34774.16,25583.45,26215.28,0.46
2020-05-22,10.84,11.35,11.03,10.84,63095.44,0.13,1.19,10.72,10.679,10.744,34242.81,25364.8,26622.04,1.44
2020-05-21,10.59,11.09,10.9,10.42,46607.24,0.33,3.12,10.622,10.664,10.744,24241.33,21403.88,24717.59,1.07
2020-05-20,10.68,10.69,10.57,10.52,12523.02,-0.11,-1.03,10.546,10.655,10.76,18108.75,18753.8,23644.71,0.29
2020-05-19,10.5,10.85,10.68,10.4,31389.51,0.26,2.5,10.568,10.692,10.785,18510.77,20522.3,24563.12,0.72
2020-05-18,10.52,10.53,10.42,10.3,17598.86,-0.12,-1.14,10.564,10.717,10.806,16392.75,21272.63,24376.11,0.4
2020-05-15,10.54,10.62,10.54,10.5,13088.0,0.02,0.19,10.638,10.728,10.841,16486.79,22842.92,24484.61,0.3
2020-05-14,10.63,10.64,10.52,10.51,15944.38,-0.16,-1.5,10.706,10.709,10.876,18566.43,25450.24,24436.0,0.37
2020-05-13,10.69,10.72,10.68,10.58,14533.11,0.02,0.19,10.764,10.738,10.905,19398.85,25447.61,24321.89,0.33
2020-05-12,10.75,10.81,10.66,10.51,20799.38,-0.13,-1.21,10.816,10.752,10.931,22533.83,26616.3,24935.95,0.48
2020-05-11,10.92,10.95,10.79,10.74,18069.09,-0.09,-0.83,10.87,10.779,10.969,26152.51,26847.1,25119.7,0.41
2020-05-08,10.93,10.97,10.88,10.79,23486.21,0.07,0.65,10.818,10.808,11.0,29199.05,27879.28,25389.92,0.54
2020-05-07,10.9,10.96,10.81,10.79,20106.47,-0.13,-1.19,10.712,10.824,11.021,32334.05,28031.3,25584.14,0.46
2020-05-06,10.87,11.1,10.94,10.79,30208.0,0.01,0.09,10.712,10.864,11.034,31496.36,28535.61,25439.5,0.69
2020-04-30,10.6,11.02,10.93,10.53,38892.76,0.4,3.8,10.688,10.878,11.045,30698.76,28603.94,24965.53,0.89
2020-04-29,10.22,10.65,10.53,10.22,33301.81,0.18,1.74,10.688,10.895,11.046,27541.69,27479.59,23894.48,0.76
2020-04-28,10.82,10.86,10.35,10.02,39161.23,-0.46,-4.25,10.798,10.953,11.065,26559.51,26126.3,23165.86,0.9
2020-04-27,10.78,10.89,10.81,10.72,15918.01,-0.01,-0.09,10.936,11.042,11.099,23728.54,23421.77,22704.8,0.36
2020-04-24,10.93,11.0,10.82,10.77,26220.01,-0.11,-1.01,11.016,11.071,11.113,25574.86,23196.16,23388.34,0.6
2020-04-23,11.05,11.12,10.93,10.92,23107.41,-0.15,-1.35,11.068,11.109,11.134,26509.11,23255.6,23344.59,0.53
2020-04-22,11.02,11.13,11.08,10.96,28390.91,0.04,0.36,11.102,11.159,11.159,27417.48,23392.31,23902.81,0.65
2020-04-21,11.24,11.26,11.04,10.94,25006.36,-0.17,-1.52,11.108,11.192,11.174,25693.09,22900.55,23773.6,0.57
2020-04-20,10.99,11.27,11.21,10.99,25149.63,0.13,1.17,11.148,11.218,11.181,23114.99,23136.99,23940.28,0.58
2020-04-17,11.15,11.23,11.08,11.06,30891.25,-0.02,-0.18,11.126,11.204,11.197,20817.46,22343.39,24262.09,0.71
2020-04-16,11.13,11.14,11.1,10.97,27649.23,-0.01,-0.09,11.15,11.212,11.217,20002.08,21327.13,24830.63,0.63
2020-04-15,11.29,11.29,11.11,11.07,19769.0,-0.13,-1.16,11.216,11.196,11.223,19367.14,20309.38,25831.4,0.45
2020-04-14,11.1,11.27,11.24,11.1,12115.84,0.14,1.26,11.276,11.176,11.23,20108.01,20205.41,27518.53,0.28
2020-04-13,11.13,11.18,11.1,11.0,13662.0,-0.1,-0.89,11.288,11.155,11.225,23158.98,21987.84,30956.72,0.31
2020-04-10,11.54,11.54,11.2,11.15,26814.34,-0.23,-2.01,11.282,11.154,11.257,23869.32,23580.52,34072.31,0.61
2020-04-09,11.41,11.54,11.43,11.41,24474.53,0.02,0.17,11.274,11.158,11.284,22652.18,23433.58,36401.13,0.56
2020-04-08,11.21,11.49,11.41,11.21,23473.34,0.11,0.97,11.176,11.159,11.321,21251.62,24413.32,38392.48,0.54
2020-04-07,11.21,11.33,11.3,11.17,27370.7,0.23,2.08,11.076,11.155,11.369,20302.8,24646.65,40991.07,0.63
2020-04-03,11.22,11.22,11.07,11.0,17213.67,-0.09,-0.81,11.022,11.144,11.41,20816.69,24743.58,44768.82,0.39
2020-04-02,10.94,11.17,11.16,10.89,20728.64,0.22,2.01,11.026,11.189,11.497,23291.72,26180.79,46626.14,0.47
2020-04-01,10.99,11.07,10.94,10.9,17471.77,0.03,0.28,11.042,11.221,11.581,24214.98,28334.13,49179.11,0.4
2020-03-31,11.08,11.13,10.91,10.9,18729.24,-0.12,-1.09,11.142,11.249,11.672,27575.01,31353.41,52452.52,0.43
2020-03-30,10.9,11.15,11.03,10.88,29940.12,-0.06,-0.54,11.234,11.283,11.767,28990.5,34831.66,56363.16,0.69
2020-03-27,11.32,11.4,11.09,11.08,29588.81,-0.15,-1.33,11.266,11.295,11.851,28670.47,39925.61,59667.14,0.68
2020-03-26,11.44,11.48,11.24,11.22,25344.95,-0.2,-1.75,11.352,11.359,11.922,29069.87,44564.1,65674.72,0.58
2020-03-25,11.61,11.62,11.44,11.39,34271.94,0.07,0.62,11.4,11.409,12.03,32453.28,49368.68,71005.79,0.78
2020-03-24,11.51,11.51,11.37,11.15,25806.66,0.18,1.61,11.356,11.483,12.117,35131.81,52371.65,78748.41,0.59
2020-03-23,11.2,11.39,11.19,11.12,28340.0,-0.33,-2.87,11.332,11.582,12.22,40672.82,57335.49,85448.91,0.65
2020-03-20,11.56,11.68,11.52,11.4,31585.78,0.04,0.35,11.324,11.676,12.334,51180.74,64794.07,89921.72,0.72
2020-03-19,11.16,11.59,11.48,11.03,42262.02,0.26,2.32,11.366,11.804,12.423,60058.33,67071.48,93571.0,0.97
2020-03-18,11.34,11.44,11.22,11.09,47664.58,-0.03,-0.27,11.418,11.941,12.509,66284.08,70024.1,96212.44,1.09
2020-03-17,11.33,11.34,11.25,10.88,53511.73,0.1,0.9,11.61,12.094,12.599,69611.49,73551.63,99357.45,1.23
2020-03-16,11.78,11.86,11.15,11.07,80879.59,-0.58,-4.95,11.832,12.251,12.687,73998.16,77894.65,102926.74,1.85
2020-03-13,11.13,11.77,11.73,10.82,75973.74,-0.01,-0.09,12.028,12.407,12.752,78407.39,79408.67,103032.21,1.74
2020-03-12,12.05,12.05,11.74,11.63,73390.76,-0.44,-3.61,12.242,12.484,12.772,74084.63,86785.34,101513.89,1.68
2020-03-11,12.43,12.61,12.18,12.11,64301.65,-0.18,-1.46,12.464,12.65,12.791,73764.12,92642.9,100755.74,1.47
2020-03-10,11.97,12.4,12.36,11.75,75445.05,0.23,1.9,12.578,12.75,12.798,77491.76,105125.17,100817.52,1.73
2020-03-09,12.65,12.7,12.13,12.08,102925.76,-0.67,-5.23,12.67,12.858,12.783,81791.15,113562.33,100228.67,2.36
2020-03-06,12.77,12.89,12.8,12.63,54359.93,-0.05,-0.39,12.786,12.992,12.787,80409.95,115049.37,100828.01,1.24
2020-03-05,12.84,12.95,12.85,12.65,71788.19,0.1,0.78,12.726,13.042,12.759,99486.06,120070.51,104658.16,1.64
2020-03-04,12.78,12.95,12.75,12.43,82939.86,-0.07,-0.55,12.836,13.077,12.717,111521.68,122400.79,105900.34,1.9
2020-03-03,12.98,13.2,12.82,12.71,96942.01,0.11,0.86,12.922,13.104,12.676,132758.59,125163.28,107164.56,2.22
2020-03-02,12.56,12.95,12.71,12.54,96019.77,0.21,1.68,13.046,13.122,12.632,145333.5,127958.82,107607.94,2.2
2020-02-28,12.9,13.19,12.5,12.41,149740.45,-0.9,-6.72,13.198,13.096,12.566,149688.8,126655.75,106251.45,3.43
2020-02-27,13.44,13.6,13.4,13.1,131966.3,0.22,1.67,13.358,13.059,12.573,140654.97,116242.44,103831.87,3.02
2020-02-26,13.45,13.84,13.18,13.0,189124.41,-0.26,-1.94,13.318,12.931,12.573,133279.9,108868.58,101137.57,4.33
2020-02-25,12.91,13.52,13.44,12.8,159816.58,-0.03,-0.22,13.286,12.845,12.57,117567.97,96509.87,96623.39,3.66
2020-02-24,13.32,13.57,13.47,13.05,117796.24,0.17,1.28,13.198,12.708,12.568,110584.13,86895.01,91203.05,2.7
2020-02-21,13.15,13.45,13.3,13.14,104571.3,0.1,0.76,12.994,12.582,12.564,103622.71,86606.66,88694.13,2.39
2020-02-20,13.19,13.27,13.2,12.89,95090.95,0.18,1.38,12.76,12.475,12.573,91829.91,89245.82,88283.46,2.18
2020-02-19,12.98,13.41,13.02,12.81,110564.77,0.02,0.15,12.544,12.356,12.595,84457.25,89399.89,88664.29,2.53
2020-02-18,12.45,13.05,13.0,12.41,124897.41,0.55,4.42,12.404,12.248,12.621,75451.76,89165.85,90583.42,2.86
2020-02-17,12.12,12.53,12.45,12.1,82989.1,0.32,2.64,12.218,12.142,12.636,63205.88,87257.07,90282.83,1.9
2020-02-14,12.09,12.23,12.13,12.04,45607.31,0.01,0.08,12.17,12.035,12.687,69590.6,85847.16,90784.1,1.04
2020-02-13,12.31,12.37,12.12,12.05,58227.68,-0.2,-1.62,12.19,12.086,12.749,86661.72,91421.3,95536.92,1.33
2020-02-12,12.14,12.34,12.32,12.01,65537.31,0.25,2.07,12.168,12.214,12.802,94342.52,93406.56,102647.22,1.5
2020-02-11,12.0,12.21,12.07,11.98,63667.99,-0.14,-1.15,12.092,12.295,12.831,102879.93,96736.91,108840.19,1.46
2020-02-10,12.23,12.68,12.21,11.98,114912.73,-0.02,-0.16,12.066,12.428,12.835,111308.26,95511.09,108481.9,2.63
2020-02-07,11.98,12.55,12.23,11.91,130962.91,0.22,1.83,11.9,12.546,12.829,102103.71,90781.61,106545.14,3.0
2020-02-06,11.8,12.11,12.01,11.64,96631.64,0.07,0.59,11.982,12.67,12.807,96180.88,87321.1,101812.36,2.21
2020-02-05,12.01,12.16,11.94,11.65,108224.39,0.0,0.0,12.26,12.833,12.793,92470.61,87928.7,98026.49,2.48
2020-02-04,10.7,12.2,11.94,10.7,105809.62,0.56,4.92,12.498,12.993,12.78,90593.89,92000.98,93890.57,2.42
2020-02-03,11.38,11.47,11.38,11.38,68890.0,-1.26,-9.97,12.79,13.13,12.766,79713.92,93308.6,90384.02,1.58
2020-01-23,13.25,13.46,12.64,12.47,101348.74,-0.76,-5.67,13.192,13.339,12.787,79459.51,95721.04,89060.53,2.32
2020-01-22,13.14,13.5,13.4,12.86,78080.29,0.27,2.06,13.358,13.411,12.734,78461.32,99652.53,85546.17,1.79
2020-01-21,13.5,13.59,13.13,12.98,98840.8,-0.27,-2.02,13.406,13.389,12.64,83386.8,111887.88,83573.92,2.26
2020-01-20,13.38,13.54,13.4,13.3,51409.76,0.01,0.07,13.488,13.366,12.559,93408.08,120943.47,80291.56,1.18
2020-01-17,13.34,13.62,13.39,13.21,67617.95,-0.08,-0.59,13.47,13.241,12.468,106903.27,121452.71,79485.17,1.55
2020-01-16,14.0,14.1,13.47,13.3,96357.78,-0.17,-1.25,13.486,13.111,12.386,111982.58,122308.66,78084.43,2.21
2020-01-15,13.54,13.72,13.64,13.2,102707.71,0.1,0.74,13.464,12.944,12.3,120843.75,116303.63,75787.49,2.35
2020-01-14,13.43,13.85,13.54,13.26,148947.19,0.23,1.73,13.372,12.752,12.216,140388.96,108124.27,73017.29,3.41
2020-01-13,13.44,13.8,13.31,13.2,118885.73,-0.16,-1.19,13.244,12.566,12.128,148478.87,95780.15,67311.18,2.72
2020-01-10,13.35,13.58,13.47,13.07,93014.49,0.11,0.82,13.012,12.402,12.042,136002.14,87459.45,63199.88,2.13
2020-01-09,13.17,13.55,13.36,13.03,140663.62,0.18,1.37,12.736,12.234,11.943,132634.75,82400.01,59523.04,3.22
2020-01-08,12.96,13.65,13.18,12.55,200433.75,0.28,2.17,12.424,12.057,11.853,111763.51,71439.81,53382.43,4.59
2020-01-07,12.04,13.25,12.9,12.02,189396.75,0.75,6.17,12.132,11.89,11.778,75859.58,55259.97,44960.17,4.34
2020-01-06,12.1,12.15,12.15,11.95,56502.08,0.06,0.5,11.888,11.752,11.71,43081.43,39639.64,37167.74,1.29
2020-01-03,11.78,12.1,12.09,11.75,76177.54,0.29,2.46,11.792,11.695,11.675,38916.75,37517.63,35287.43,1.74
2020-01-02,11.88,11.88,11.8,11.7,36307.41,0.08,0.68,11.732,11.66,11.641,32165.26,33860.19,32728.71,0.83
